Datum;Erster;Hoch;Tief;Schlusskurs
15.04.2021;67;67;66;67
14.04.2021;65;67;64;67
13.04.2021;64;64;63;64
12.04.2021;63;64;62;63
09.04.2021;63;63;63;63
08.04.2021;63;63;62;63
07.04.2021;63;64;62;63
06.04.2021;63;64;63;63
01.04.2021;63;65;62;65
31.03.2021;65;65;64;64
30.03.2021;65;65;64;64
29.03.2021;64;65;64;65
26.03.2021;63;65;63;64
25.03.2021;64;64;61;62
24.03.2021;61;65;61;64
23.03.2021;64;64;60;61
22.03.2021;64;65;64;65
19.03.2021;63;65;62;64
18.03.2021;67;68;64;64
17.03.2021;69;69;67;68
16.03.2021;69;69;68;68
15.03.2021;70;70;68;69
12.03.2021;69;70;69;69
11.03.2021;68;70;68;70
10.03.2021;68;68;67;68
09.03.2021;68;69;67;67
08.03.2021;70;70;68;68
05.03.2021;68;70;68;69
04.03.2021;65;68;63;67
03.03.2021;63;65;63;64
02.03.2021;63;64;63;64
01.03.2021;65;66;63;64
26.02.2021;66;67;66;66
25.02.2021;68;68;66;67
24.02.2021;65;67;65;67
23.02.2021;66;67;64;65
22.02.2021;63;65;63;65
19.02.2021;63;64;62;63
18.02.2021;65;65;63;63
17.02.2021;64;65;63;64
16.02.2021;63;63;63;63
15.02.2021;63;64;63;63
12.02.2021;61;63;60;63
11.02.2021;61;62;61;61
10.02.2021;61;62;61;61
09.02.2021;61;61;60;61
08.02.2021;60;61;60;60
05.02.2021;59;60;59;60
04.02.2021;59;59;58;59
03.02.2021;58;59;58;59
02.02.2021;57;58;57;58
01.02.2021;56;56;55;56
29.01.2021;55;56;55;56
28.01.2021;56;57;55;56
27.01.2021;56;56;55;56
26.01.2021;56;56;56;56
25.01.2021;56;56;55;56
22.01.2021;55;56;54;55
21.01.2021;56;56;55;56
20.01.2021;56;57;56;56
19.01.2021;55;56;55;56
18.01.2021;55;55;55;55
15.01.2021;56;56;55;55
14.01.2021;56;56;55;56
13.01.2021;57;57;56;56
12.01.2021;56;57;56;57
11.01.2021;55;56;55;56
08.01.2021;55;56;55;56
07.01.2021;55;55;54;55
06.01.2021;54;55;53;55
05.01.2021;51;54;51;54
04.01.2021;53;53;51;51
31.12.2020;51;52;51;51
30.12.2020;51;52;51;51
29.12.2020;51;52;51;51
28.12.2020;52;52;51;51
23.12.2020;50;52;50;51
22.12.2020;50;51;50;50
21.12.2020;50;51;49;51
18.12.2020;51;52;51;52
17.12.2020;52;52;51;51
16.12.2020;51;51;50;51
15.12.2020;50;51;50;51
14.12.2020;51;51;49;50
11.12.2020;51;51;50;50
10.12.2020;49;51;49;51
09.12.2020;49;49;49;49
08.12.2020;49;49;48;49
07.12.2020;49;49;48;49
04.12.2020;50;50;49;49
03.12.2020;48;49;48;49
02.12.2020;47;49;47;48
01.12.2020;48;48;47;47
30.11.2020;47;48;47;47
27.11.2020;47;48;47;48
26.11.2020;48;48;48;48
25.11.2020;49;49;48;49
24.11.2020;46;48;46;48
23.11.2020;46;46;45;46
20.11.2020;44;45;44;45
19.11.2020;44;45;44;44
18.11.2020;44;45;44;45
17.11.2020;44;44;43;43
16.11.2020;44;45;43;44
13.11.2020;43;43;43;43
12.11.2020;44;44;43;44
11.11.2020;45;45;44;44
10.11.2020;42;43;42;43
09.11.2020;40;43;40;43
06.11.2020;41;41;39;40
05.11.2020;41;42;41;41
04.11.2020;40;41;39;41
03.11.2020;39;40;39;40
02.11.2020;36;39;36;39
30.10.2020;37;38;37;37
29.10.2020;38;38;37;38
28.10.2020;40;40;39;39
27.10.2020;41;42;40;41
26.10.2020;40;41;40;40
23.10.2020;42;43;41;42
22.10.2020;42;43;42;42
21.10.2020;43;43;41;42
20.10.2020;43;43;42;43
19.10.2020;43;43;43;43
16.10.2020;43;43;42;43
15.10.2020;43;43;42;43
14.10.2020;42;43;42;43
13.10.2020;42;43;42;43
12.10.2020;42;42;41;42
09.10.2020;43;44;43;43
08.10.2020;42;43;42;43
07.10.2020;42;42;41;42
06.10.2020;42;43;41;43
05.10.2020;40;42;40;41
02.10.2020;40;40;39;39
01.10.2020;42;42;40;41
30.09.2020;41;41;40;41
29.09.2020;42;42;40;41
28.09.2020;42;42;42;42
25.09.2020;42;42;41;42
24.09.2020;42;42;41;42
23.09.2020;41;43;41;42
22.09.2020;42;42;41;42
21.09.2020;43;43;41;41
18.09.2020;44;44;43;43
17.09.2020;42;44;42;43
16.09.2020;41;42;41;42
15.09.2020;40;41;39;41
14.09.2020;40;40;39;40
11.09.2020;40;40;39;40
10.09.2020;41;41;40;40
09.09.2020;40;41;40;41
08.09.2020;42;42;39;40
07.09.2020;42;42;42;42
04.09.2020;44;45;42;43
03.09.2020;44;44;43;44
02.09.2020;46;46;44;44
01.09.2020;46;46;46;46
31.08.2020;46;47;45;46
28.08.2020;45;45;45;45
27.08.2020;46;46;45;45
26.08.2020;46;46;46;46
25.08.2020;45;46;45;46
24.08.2020;45;45;45;45
21.08.2020;45;45;44;44
20.08.2020;45;45;44;45
19.08.2020;45;46;45;45
18.08.2020;45;46;45;45
17.08.2020;45;45;44;45
14.08.2020;45;45;44;45
13.08.2020;45;46;45;45
12.08.2020;45;45;45;45
11.08.2020;45;46;45;45
10.08.2020;45;45;45;45
07.08.2020;45;45;44;44
06.08.2020;45;46;45;45
05.08.2020;45;46;45;45
04.08.2020;44;45;43;45
03.08.2020;43;44;43;44
31.07.2020;43;43;43;43
30.07.2020;43;44;41;43
29.07.2020;43;44;43;44
28.07.2020;44;44;43;43
27.07.2020;43;44;42;43
24.07.2020;43;44;43;43
23.07.2020;45;45;44;44
22.07.2020;44;44;44;44
21.07.2020;44;45;43;44
20.07.2020;43;43;42;43
17.07.2020;43;43;43;43
16.07.2020;44;44;43;43
15.07.2020;44;44;43;44
14.07.2020;42;43;42;43
13.07.2020;43;43;42;43
10.07.2020;42;43;41;43
09.07.2020;43;44;42;42
08.07.2020;43;43;43;43
07.07.2020;43;43;42;43
06.07.2020;43;44;43;43
03.07.2020;43;43;42;43
02.07.2020;42;43;42;43
01.07.2020;42;42;41;42
30.06.2020;41;42;41;41
29.06.2020;41;42;40;42
26.06.2020;41;42;40;41
25.06.2020;40;41;39;41
24.06.2020;43;43;40;40
23.06.2020;43;44;42;43
22.06.2020;42;43;42;43
19.06.2020;42;43;41;42
18.06.2020;41;42;41;41
17.06.2020;41;41;40;41
16.06.2020;40;42;40;41
15.06.2020;37;40;37;39
12.06.2020;37;39;37;39
11.06.2020;40;41;38;39
10.06.2020;41;41;40;41
09.06.2020;41;41;40;41
08.06.2020;43;43;41;41
05.06.2020;40;42;40;42
04.06.2020;39;40;39;40
03.06.2020;40;40;39;40
02.06.2020;39;40;39;39
29.05.2020;35;35;34;35
28.05.2020;34;36;34;36
27.05.2020;36;36;34;35
26.05.2020;36;37;35;36
25.05.2020;35;36;35;36
22.05.2020;34;35;34;35
21.05.2020;36;37;36;36
20.05.2020;35;36;34;36
19.05.2020;35;35;34;35
18.05.2020;34;36;34;35
15.05.2020;32;33;31;33
14.05.2020;30;31;30;31
13.05.2020;29;31;29;29
12.05.2020;30;31;30;30
11.05.2020;30;31;30;30
08.05.2020;30;30;30;30
07.05.2020;29;32;29;30
06.05.2020;31;32;29;29
05.05.2020;29;31;29;31
04.05.2020;26;27;26;27
30.04.2020;24;26;24;25
29.04.2020;21;24;21;23
28.04.2020;19;21;19;20
27.04.2020;20;21;19;20
24.04.2020;22;22;21;22
23.04.2020;21;23;21;22
22.04.2020;17;22;17;20
21.04.2020;21;22;18;18
20.04.2020;27;27;26;26
17.04.2020;28;29;28;29
16.04.2020;28;29;27;27
15.04.2020;29;29;27;28
14.04.2020;31;32;29;29
09.04.2020;34;36;32;32
08.04.2020;32;33;32;32
07.04.2020;34;34;32;32
06.04.2020;34;34;32;33
03.04.2020;30;35;30;34
02.04.2020;27;34;26;29
01.04.2020;25;26;25;25
31.03.2020;23;24;23;23
30.03.2020;23;23;22;22
27.03.2020;26;26;24;25
26.03.2020;26;28;26;26
25.03.2020;28;28;26;27
24.03.2020;28;28;27;27
23.03.2020;26;27;25;27
20.03.2020;31;31;27;27
19.03.2020;27;29;25;29
18.03.2020;28;28;24;26
17.03.2020;30;31;29;29
16.03.2020;31;31;30;30
13.03.2020;35;36;33;34
12.03.2020;34;34;32;33
11.03.2020;36;37;35;36
10.03.2020;37;38;36;38
09.03.2020;36;36;34;35
06.03.2020;49;49;45;46
05.03.2020;51;52;50;50
04.03.2020;52;53;51;52
03.03.2020;53;54;51;51
02.03.2020;52;52;50;52
28.02.2020;51;51;50;50
27.02.2020;53;53;51;52
26.02.2020;54;55;53;53
25.02.2020;57;57;55;55
24.02.2020;57;57;55;56
21.02.2020;58;59;58;58
20.02.2020;59;60;59;59
19.02.2020;58;59;58;59
18.02.2020;57;58;56;58
17.02.2020;57;58;57;58
14.02.2020;57;58;56;57
13.02.2020;55;57;55;56
12.02.2020;55;56;55;56
11.02.2020;54;55;54;54
10.02.2020;54;55;53;53
07.02.2020;55;55;54;54
06.02.2020;55;56;54;55
05.02.2020;54;56;54;56
04.02.2020;55;56;54;55
03.02.2020;56;57;54;55
31.01.2020;59;59;58;58
30.01.2020;59;59;58;58
29.01.2020;60;61;59;60
28.01.2020;59;60;59;59
27.01.2020;60;60;58;59
24.01.2020;62;62;60;60
23.01.2020;62;63;61;62
22.01.2020;64;64;63;63
21.01.2020;65;65;64;65
20.01.2020;65;66;65;65
17.01.2020;65;65;64;65
16.01.2020;64;65;64;65
15.01.2020;64;65;64;64
14.01.2020;64;65;64;65
13.01.2020;65;65;64;64
10.01.2020;65;66;65;65
09.01.2020;66;66;65;66
08.01.2020;69;69;65;65
07.01.2020;68;69;68;68
06.01.2020;70;70;69;69
03.01.2020;68;69;68;68
02.01.2020;66;66;66;66
31.12.2019;67;67;67;67
30.12.2019;68;69;68;68
27.12.2019;68;68;68;68
23.12.2019;66;67;66;67
20.12.2019;67;67;66;66
19.12.2019;66;67;66;67
18.12.2019;66;66;66;66
17.12.2019;65;66;65;66
16.12.2019;65;66;65;65
13.12.2019;65;66;64;65
12.12.2019;64;65;64;64
11.12.2019;64;64;63;64
10.12.2019;64;65;64;64
09.12.2019;64;65;64;64
06.12.2019;63;65;63;64
05.12.2019;63;64;63;63
04.12.2019;61;64;61;63
03.12.2019;61;62;60;61
02.12.2019;61;62;61;61
29.11.2019;64;64;62;62
28.11.2019;64;64;63;64
27.11.2019;64;65;63;64
26.11.2019;64;64;63;64
25.11.2019;64;64;63;64
22.11.2019;64;64;63;64
21.11.2019;62;64;62;64
20.11.2019;60;63;60;62
19.11.2019;62;63;61;61
18.11.2019;63;63;62;62
15.11.2019;62;64;62;63
14.11.2019;63;63;62;62
13.11.2019;62;63;61;62
12.11.2019;62;63;62;62
11.11.2019;62;63;62;62
08.11.2019;62;63;61;63
07.11.2019;62;63;62;62
06.11.2019;62;63;62;62
05.11.2019;62;63;62;63
04.11.2019;62;63;61;62
01.11.2019;59;62;59;62
31.10.2019;61;61;60;60
30.10.2019;62;62;60;61
29.10.2019;61;62;61;62
28.10.2019;62;62;61;62
25.10.2019;62;62;61;62
24.10.2019;61;62;61;62
23.10.2019;60;61;59;61
22.10.2019;59;60;59;60
21.10.2019;59;60;58;59
18.10.2019;60;60;59;59
17.10.2019;59;60;59;60
16.10.2019;59;60;58;59
15.10.2019;59;60;58;59
14.10.2019;60;60;59;59
11.10.2019;60;61;59;60
10.10.2019;58;59;58;59
09.10.2019;58;59;58;58
08.10.2019;59;59;57;58
07.10.2019;58;60;58;58
04.10.2019;58;59;58;58
03.10.2019;58;58;56;58
02.10.2019;59;59;57;58
01.10.2019;59;60;58;59
30.09.2019;62;62;61;61
27.09.2019;62;63;61;62
26.09.2019;62;63;61;63
25.09.2019;62;63;61;62
24.09.2019;64;64;62;63
23.09.2019;65;65;64;64
20.09.2019;65;65;64;65
19.09.2019;64;66;64;65
18.09.2019;65;65;63;63
17.09.2019;69;69;64;64
16.09.2019;65;70;65;68
13.09.2019;60;61;60;60
12.09.2019;61;61;59;60
11.09.2019;63;63;61;61
10.09.2019;63;64;62;62
09.09.2019;62;63;62;63
06.09.2019;61;62;59;62
05.09.2019;61;62;60;61
04.09.2019;59;61;58;61
03.09.2019;58;58;57;58
02.09.2019;59;59;58;59
30.08.2019;61;61;60;60
29.08.2019;60;61;60;61
28.08.2019;60;61;60;60
27.08.2019;59;60;58;60
26.08.2019;59;60;59;59
23.08.2019;60;60;58;59
22.08.2019;60;61;59;60
21.08.2019;60;61;60;60
20.08.2019;60;60;59;60
19.08.2019;59;60;59;60
16.08.2019;59;60;58;59
15.08.2019;59;59;58;58
14.08.2019;61;61;58;59
13.08.2019;58;62;58;61
12.08.2019;58;59;58;58
09.08.2019;57;59;57;58
08.08.2019;58;58;57;58
07.08.2019;59;59;56;57
06.08.2019;60;60;59;59
05.08.2019;61;62;60;60
02.08.2019;62;63;61;61
01.08.2019;64;65;60;61
31.07.2019;65;65;65;65
30.07.2019;64;65;64;65
29.07.2019;63;64;63;64
26.07.2019;63;64;63;63
25.07.2019;63;64;63;63
24.07.2019;64;65;63;63
23.07.2019;64;64;63;64
22.07.2019;63;64;63;63
19.07.2019;63;63;62;62
18.07.2019;64;64;61;62
17.07.2019;65;65;63;64
16.07.2019;66;67;64;65
15.07.2019;67;67;66;66
12.07.2019;67;67;67;67
11.07.2019;67;68;66;67
10.07.2019;65;67;65;67
09.07.2019;64;65;64;64
08.07.2019;64;65;64;64
05.07.2019;63;65;63;64
04.07.2019;63;64;63;63
03.07.2019;63;64;62;64
02.07.2019;65;65;62;63
01.07.2019;67;67;64;65
28.06.2019;66;67;66;67
27.06.2019;66;67;66;66
26.06.2019;66;67;66;66
25.06.2019;65;66;64;65
24.06.2019;66;66;64;65
21.06.2019;65;66;65;65
20.06.2019;64;65;63;64
19.06.2019;62;63;61;62
18.06.2019;60;63;60;62
17.06.2019;62;62;61;61
14.06.2019;62;63;61;62
13.06.2019;62;63;61;61
12.06.2019;61;61;60;60
11.06.2019;63;63;62;62
10.06.2019;64;64;62;62
07.06.2019;63;64;62;63
06.06.2019;61;62;60;62
05.06.2019;62;62;0;61
04.06.2019;61;62;60;62
03.06.2019;62;63;61;61
31.05.2019;66;66;64;65
30.05.2019;70;70;66;67
29.05.2019;69;70;68;69
28.05.2019;70;71;70;70
27.05.2019;69;70;69;70
24.05.2019;69;69;67;69
23.05.2019;71;71;67;68
22.05.2019;72;72;70;71
21.05.2019;72;72;72;72
20.05.2019;73;73;72;72
17.05.2019;73;73;72;72
16.05.2019;72;73;72;73
15.05.2019;71;72;70;72
14.05.2019;70;72;70;71
13.05.2019;71;73;70;70
10.05.2019;71;71;70;71
09.05.2019;70;71;70;70
08.05.2019;70;71;69;70
07.05.2019;71;71;69;70
06.05.2019;70;72;70;72
03.05.2019;71;72;70;71
02.05.2019;72;72;70;70
30.04.2019;72;73;72;73
29.04.2019;72;73;71;72
26.04.2019;74;74;71;72
25.04.2019;75;76;74;74
24.04.2019;74;75;74;75
23.04.2019;74;75;74;74
18.04.2019;72;72;71;72
17.04.2019;72;72;71;72
16.04.2019;71;72;71;72
15.04.2019;71;71;71;71
12.04.2019;71;72;71;72
11.04.2019;71;72;71;71
10.04.2019;71;72;71;72
09.04.2019;71;71;70;71
08.04.2019;71;71;70;71
05.04.2019;69;70;69;70
04.04.2019;69;70;69;69
03.04.2019;70;70;69;69
02.04.2019;69;70;69;69
01.04.2019;68;69;68;69
29.03.2019;68;69;68;68
28.03.2019;68;68;67;68
27.03.2019;68;68;67;68
26.03.2019;68;68;67;68
25.03.2019;67;68;67;67
22.03.2019;68;68;66;66
21.03.2019;68;69;68;68
20.03.2019;68;69;67;68
19.03.2019;68;68;67;68
18.03.2019;67;68;67;67
15.03.2019;68;68;66;67
14.03.2019;68;68;67;67
13.03.2019;67;68;67;68
12.03.2019;67;67;66;67
11.03.2019;66;67;66;67
08.03.2019;66;66;64;66
07.03.2019;66;67;66;66
06.03.2019;66;66;65;66
05.03.2019;65;66;65;66
04.03.2019;65;66;65;66
01.03.2019;67;67;65;65
28.02.2019;66;66;66;66
27.02.2019;65;67;65;66
26.02.2019;65;66;65;65
25.02.2019;67;67;65;65
22.02.2019;67;68;67;67
21.02.2019;67;67;67;67
20.02.2019;66;67;66;67
19.02.2019;67;67;66;67
18.02.2019;67;67;66;67
15.02.2019;65;66;64;66
14.02.2019;64;65;63;65
13.02.2019;63;64;63;64
12.02.2019;62;63;62;62
11.02.2019;62;62;61;61
08.02.2019;61;62;61;62
07.02.2019;62;63;61;62
06.02.2019;62;63;61;63
05.02.2019;62;63;62;62
04.02.2019;63;64;61;63
01.02.2019;61;63;61;63
31.01.2019;62;62;62;62
30.01.2019;61;63;61;63
29.01.2019;60;62;60;61
28.01.2019;60;61;59;60
25.01.2019;62;62;61;62
24.01.2019;61;61;60;61
23.01.2019;62;62;60;61
22.01.2019;62;62;61;61
21.01.2019;63;63;62;63
18.01.2019;62;63;61;63
17.01.2019;61;62;60;61
16.01.2019;61;61;60;61
15.01.2019;60;61;59;61
14.01.2019;60;61;59;59
11.01.2019;62;62;60;60
10.01.2019;61;62;60;62
09.01.2019;59;62;59;61
08.01.2019;57;59;57;59
07.01.2019;58;59;57;58
04.01.2019;57;58;57;57
03.01.2019;54;56;54;56
02.01.2019;53;57;53;55
31.12.2018;54;55;54;55
28.12.2018;53;54;52;52
27.12.2018;54;54;52;53
21.12.2018;55;55;53;54
20.12.2018;56;56;55;55
19.12.2018;57;58;56;57
18.12.2018;58;59;56;56
17.12.2018;60;61;59;59
14.12.2018;61;62;60;60
13.12.2018;60;62;59;62
12.12.2018;61;61;60;60
11.12.2018;60;61;60;60
10.12.2018;61;62;60;60
07.12.2018;60;64;59;62
06.12.2018;61;61;58;60
05.12.2018;61;63;61;62
04.12.2018;62;64;62;62
03.12.2018;62;62;61;62
30.11.2018;60;60;58;59
29.11.2018;58;60;58;59
28.11.2018;61;61;59;59
27.11.2018;60;61;59;61
26.11.2018;60;61;60;61
23.11.2018;62;62;58;59
22.11.2018;63;64;62;63
21.11.2018;63;64;63;63
20.11.2018;66;67;62;62
19.11.2018;67;67;65;67
16.11.2018;68;68;66;67
15.11.2018;66;67;66;67
14.11.2018;65;68;65;66
13.11.2018;70;70;65;65
12.11.2018;72;72;70;70
09.11.2018;70;70;69;70
08.11.2018;72;73;71;71
07.11.2018;72;74;71;72
06.11.2018;73;73;71;72
05.11.2018;73;74;72;73
02.11.2018;73;73;72;73
01.11.2018;75;75;73;73
31.10.2018;77;77;75;75
30.10.2018;77;77;75;76
29.10.2018;77;78;77;77
26.10.2018;76;78;76;78
25.10.2018;76;77;76;77
24.10.2018;76;78;75;77
23.10.2018;79;79;76;76
22.10.2018;80;80;79;80
19.10.2018;80;81;80;80
18.10.2018;80;80;79;79
17.10.2018;82;82;79;80
16.10.2018;81;82;80;82
15.10.2018;81;81;80;81
12.10.2018;81;81;79;80
11.10.2018;82;82;81;81
10.10.2018;85;85;83;83
09.10.2018;85;85;84;85
08.10.2018;83;84;83;84
05.10.2018;85;85;84;84
04.10.2018;86;86;84;84
03.10.2018;85;87;84;86
02.10.2018;85;85;84;85
01.10.2018;83;85;83;85
28.09.2018;82;83;82;83
27.09.2018;82;82;81;82
26.09.2018;82;82;81;81
25.09.2018;82;83;81;82
24.09.2018;80;81;80;80
21.09.2018;79;80;78;79
20.09.2018;80;80;78;79
19.09.2018;79;79;78;79
18.09.2018;78;80;77;79
17.09.2018;78;79;78;78
14.09.2018;78;79;77;78
13.09.2018;79;80;78;78
12.09.2018;79;80;79;80
11.09.2018;78;79;78;79
10.09.2018;77;78;77;77
07.09.2018;76;77;76;77
06.09.2018;77;78;76;77
05.09.2018;78;78;77;77
04.09.2018;78;80;78;78
03.09.2018;78;78;78;78
31.08.2018;78;78;77;77
30.08.2018;77;78;77;78
29.08.2018;76;77;76;77
28.08.2018;76;77;76;76
27.08.2018;76;76;75;76
24.08.2018;75;76;75;76
23.08.2018;75;75;74;75
22.08.2018;73;75;73;75
21.08.2018;72;73;72;73
20.08.2018;72;73;72;72
17.08.2018;71;73;71;72
16.08.2018;71;71;71;71
15.08.2018;72;72;70;71
14.08.2018;73;74;72;73
13.08.2018;73;73;71;72
10.08.2018;72;73;71;73
09.08.2018;72;73;72;72
08.08.2018;75;75;72;72
07.08.2018;74;75;74;75
06.08.2018;73;74;73;74
03.08.2018;73;74;72;73
02.08.2018;73;74;72;73
01.08.2018;74;74;72;73
31.07.2018;75;75;74;74
30.07.2018;74;75;74;75
27.07.2018;74;75;74;74
26.07.2018;74;75;74;75
25.07.2018;74;74;73;74
24.07.2018;73;74;73;74
23.07.2018;73;74;73;73
20.07.2018;73;73;72;73
19.07.2018;73;74;72;72
18.07.2018;72;73;71;73
17.07.2018;72;73;72;72
16.07.2018;75;75;72;72
13.07.2018;74;76;73;75
12.07.2018;74;75;73;74
11.07.2018;78;78;74;74
10.07.2018;79;80;78;79
09.07.2018;78;78;77;78
06.07.2018;77;77;76;77
05.07.2018;78;78;77;78
04.07.2018;78;78;78;78
03.07.2018;78;78;77;78
02.07.2018;79;79;77;77
29.06.2018;78;80;78;79
28.06.2018;77;78;77;78
27.06.2018;77;78;76;77
26.06.2018;75;77;74;76
25.06.2018;75;75;74;75
22.06.2018;74;75;74;75
21.06.2018;74;74;73;73
20.06.2018;75;76;74;74
19.06.2018;75;76;74;75
18.06.2018;73;75;73;75
15.06.2018;76;76;73;73
14.06.2018;76;77;76;76
13.06.2018;75;77;75;77
12.06.2018;77;77;76;76
11.06.2018;76;77;76;76
08.06.2018;77;77;76;76
07.06.2018;76;77;75;77
06.06.2018;76;76;75;76
05.06.2018;76;76;74;75
04.06.2018;77;77;75;75
01.06.2018;78;78;76;77
31.05.2018;77;79;77;77
30.05.2018;75;78;75;78
29.05.2018;75;76;75;75
28.05.2018;75;76;75;75
25.05.2018;78;79;76;76
24.05.2018;79;80;79;79
23.05.2018;79;80;78;80
22.05.2018;80;80;79;79
21.05.2018;79;80;78;79
18.05.2018;79;80;78;79
17.05.2018;79;81;79;79
16.05.2018;78;79;78;79
15.05.2018;78;79;78;78
14.05.2018;77;78;77;78
11.05.2018;77;78;77;77
10.05.2018;78;78;77;77
09.05.2018;77;77;77;77
08.05.2018;76;76;73;76
07.05.2018;76;76;75;75
04.05.2018;74;75;73;75
03.05.2018;73;74;72;74
02.05.2018;73;74;72;73
01.05.2018;74;74;74;74
30.04.2018;74;75;73;75
27.04.2018;74;75;74;74
26.04.2018;74;75;74;75
25.04.2018;74;74;73;74
24.04.2018;75;75;74;74
23.04.2018;74;75;73;75
20.04.2018;74;74;73;74
19.04.2018;74;75;73;74
18.04.2018;72;74;72;74
17.04.2018;72;72;71;72
16.04.2018;71;72;71;72
13.04.2018;72;73;72;72
12.04.2018;72;72;71;72
11.04.2018;71;73;71;72
10.04.2018;70;71;69;71
09.04.2018;67;69;67;69
06.04.2018;68;69;67;67
05.04.2018;68;69;68;68
04.04.2018;68;68;67;68
03.04.2018;68;68;68;68
29.03.2018;70;70;69;70
28.03.2018;70;70;69;70
27.03.2018;70;71;69;70
26.03.2018;70;71;70;70
23.03.2018;69;71;69;70
22.03.2018;69;69;69;69
21.03.2018;68;70;67;70
20.03.2018;67;68;66;68
19.03.2018;66;66;66;66
16.03.2018;65;66;65;66
15.03.2018;65;65;65;65
14.03.2018;65;65;64;65
13.03.2018;65;66;64;65
12.03.2018;65;65;64;65
09.03.2018;64;66;64;66
08.03.2018;64;65;63;64
07.03.2018;65;66;64;65
06.03.2018;66;66;65;66
05.03.2018;65;66;64;66
02.03.2018;64;65;63;65
01.03.2018;65;65;63;64
28.02.2018;66;67;65;66
27.02.2018;67;68;66;66
26.02.2018;67;68;67;68
23.02.2018;66;67;66;67
22.02.2018;65;67;65;66
21.02.2018;65;66;65;65
20.02.2018;65;66;65;65
19.02.2018;65;66;65;66
16.02.2018;65;65;64;65
15.02.2018;65;65;63;64
14.02.2018;63;65;62;64
13.02.2018;63;63;62;63
12.02.2018;63;64;63;63
09.02.2018;64;65;62;63
08.02.2018;65;66;64;64
07.02.2018;67;68;66;66
06.02.2018;67;68;67;67
05.02.2018;68;68;67;67
02.02.2018;70;70;68;68
01.02.2018;69;70;69;70
31.01.2018;69;69;68;69
30.01.2018;69;69;68;69
29.01.2018;70;70;69;69
26.01.2018;70;71;70;70
25.01.2018;71;71;70;70
24.01.2018;70;71;70;71
23.01.2018;69;70;69;70
22.01.2018;69;69;68;69
19.01.2018;69;69;68;69
18.01.2018;69;70;69;69
17.01.2018;69;70;69;69
16.01.2018;70;70;69;69
15.01.2018;70;70;70;70
12.01.2018;69;70;69;70
11.01.2018;69;70;69;69
10.01.2018;69;69;69;69
09.01.2018;68;69;68;69
08.01.2018;68;68;67;68
05.01.2018;68;68;67;68
04.01.2018;68;68;68;68
03.01.2018;66;68;66;68
02.01.2018;67;67;66;67
29.12.2017;67;67;66;67
28.12.2017;67;67;66;67
27.12.2017;67;67;66;66
22.12.2017;65;65;64;65
21.12.2017;64;65;64;65
20.12.2017;64;65;64;65
19.12.2017;64;64;63;64
18.12.2017;64;64;63;63
15.12.2017;63;64;63;63
14.12.2017;63;63;62;63
13.12.2017;64;64;62;63
12.12.2017;65;66;63;64
11.12.2017;63;65;63;65
08.12.2017;62;64;62;63
07.12.2017;61;62;61;62
06.12.2017;63;63;61;61
05.12.2017;62;63;62;63
04.12.2017;63;64;62;62
01.12.2017;63;64;63;64
30.11.2017;63;64;63;64
29.11.2017;63;64;62;63
28.11.2017;64;64;63;63
27.11.2017;64;64;63;64
24.11.2017;63;64;63;64
23.11.2017;63;64;63;63
22.11.2017;63;63;63;63
21.11.2017;62;63;62;63
20.11.2017;62;63;61;62
17.11.2017;61;63;61;63
16.11.2017;62;62;61;61
15.11.2017;62;62;61;62
14.11.2017;63;63;61;62
13.11.2017;63;64;63;63
10.11.2017;64;64;63;64
09.11.2017;64;64;63;64
08.11.2017;63;65;63;63
07.11.2017;64;65;64;64
06.11.2017;63;64;62;64
03.11.2017;61;62;61;62
02.11.2017;61;61;60;61
01.11.2017;61;62;60;60
31.10.2017;61;61;60;61
30.10.2017;61;61;60;61
27.10.2017;59;61;59;60
26.10.2017;58;59;58;59
25.10.2017;58;59;58;58
24.10.2017;57;58;57;58
23.10.2017;58;58;57;57
20.10.2017;57;58;57;58
19.10.2017;58;58;57;57
18.10.2017;58;59;58;58
17.10.2017;58;58;57;58
16.10.2017;58;58;58;58
13.10.2017;57;58;57;57
12.10.2017;57;57;56;56
11.10.2017;57;57;56;57
10.10.2017;56;57;56;57
09.10.2017;56;56;55;56
06.10.2017;57;57;55;56
05.10.2017;56;57;56;57
04.10.2017;56;56;55;56
02.10.2017;57;57;55;56
29.09.2017;57;58;57;57
28.09.2017;58;59;57;58
27.09.2017;59;59;58;58
26.09.2017;59;59;58;58
25.09.2017;57;59;57;59
22.09.2017;57;57;56;57
21.09.2017;56;57;56;56
20.09.2017;55;56;55;56
19.09.2017;56;56;55;55
18.09.2017;56;56;55;55
15.09.2017;55;56;55;56
14.09.2017;55;56;55;55
13.09.2017;54;55;54;55
12.09.2017;54;54;53;54
11.09.2017;54;54;53;54
08.09.2017;55;55;54;54
07.09.2017;54;55;54;55
06.09.2017;53;54;53;54
05.09.2017;52;54;52;53
04.09.2017;52;53;52;52
01.09.2017;53;53;52;53
31.08.2017;51;52;51;52
30.08.2017;52;52;51;51
29.08.2017;52;52;51;52
28.08.2017;52;53;52;52
25.08.2017;52;53;52;52
24.08.2017;53;53;52;52
23.08.2017;52;53;51;53
22.08.2017;52;52;51;52
21.08.2017;53;53;51;52
18.08.2017;51;53;51;53
17.08.2017;50;51;50;51
16.08.2017;51;51;50;50
15.08.2017;51;51;50;51
14.08.2017;52;52;51;51
11.08.2017;52;52;51;52
10.08.2017;53;54;52;52
09.08.2017;52;53;52;53
08.08.2017;52;53;52;52
07.08.2017;52;52;51;52
04.08.2017;52;53;51;52
03.08.2017;52;53;52;52
02.08.2017;51;52;51;52
01.08.2017;53;53;51;52
31.07.2017;53;53;52;53
28.07.2017;51;53;51;53
27.07.2017;51;52;50;52
26.07.2017;51;51;50;51
25.07.2017;49;50;49;50
24.07.2017;48;49;48;49
21.07.2017;49;50;48;48
20.07.2017;50;50;49;49
19.07.2017;49;50;49;50
18.07.2017;48;49;48;49
17.07.2017;49;49;48;48
14.07.2017;48;49;48;49
13.07.2017;48;49;47;48
12.07.2017;48;49;47;48
11.07.2017;47;48;46;48
10.07.2017;47;47;46;47
07.07.2017;48;48;46;47
06.07.2017;48;49;48;48
05.07.2017;50;50;48;48
04.07.2017;49;50;49;50
03.07.2017;49;50;49;50
30.06.2017;48;48;47;48
29.06.2017;48;48;47;47
28.06.2017;46;47;46;47
27.06.2017;46;47;46;47
26.06.2017;46;46;45;46
23.06.2017;45;46;45;46
22.06.2017;45;46;45;45
21.06.2017;46;47;44;45
20.06.2017;47;47;45;46
19.06.2017;47;48;47;47
16.06.2017;47;48;47;47
15.06.2017;47;47;47;47
14.06.2017;48;49;47;47
13.06.2017;48;49;48;49
12.06.2017;48;49;48;48
09.06.2017;48;49;47;48
08.06.2017;49;49;48;48
07.06.2017;50;50;48;48
06.06.2017;50;50;49;50
05.06.2017;50;50;49;50
02.06.2017;50;50;49;50
01.06.2017;51;51;50;50
31.05.2017;51;51;50;50
30.05.2017;52;52;51;52
29.05.2017;52;53;52;52
26.05.2017;52;52;51;52
25.05.2017;54;55;51;51
24.05.2017;54;55;54;54
23.05.2017;53;54;53;54
22.05.2017;54;54;54;54
19.05.2017;53;54;53;53
18.05.2017;52;53;51;52
17.05.2017;51;53;51;52
16.05.2017;52;52;51;52
15.05.2017;52;53;52;52
12.05.2017;51;51;50;51
11.05.2017;51;51;50;51
10.05.2017;49;51;49;50
09.05.2017;49;50;48;49
08.05.2017;49;50;48;49
05.05.2017;48;50;47;49
04.05.2017;50;51;48;48
03.05.2017;51;51;50;51
02.05.2017;52;52;50;50
28.04.2017;52;52;51;52
27.04.2017;52;52;50;52
26.04.2017;52;52;51;52
25.04.2017;52;52;51;52
24.04.2017;52;53;51;52
21.04.2017;53;53;52;52
20.04.2017;53;54;53;53
19.04.2017;55;55;53;53
18.04.2017;55;55;55;55
13.04.2017;56;56;56;56
12.04.2017;56;57;55;56
11.04.2017;56;56;55;56
10.04.2017;56;56;55;56
07.04.2017;56;56;55;55
06.04.2017;54;55;54;55
05.04.2017;55;55;54;54
04.04.2017;53;54;53;54
03.04.2017;54;54;53;53
31.03.2017;53;53;52;53
30.03.2017;52;53;52;53
29.03.2017;52;52;51;52
28.03.2017;51;52;51;51
27.03.2017;50;51;50;51
24.03.2017;51;51;50;51
23.03.2017;51;51;50;51
22.03.2017;51;51;50;51
21.03.2017;52;52;51;51
20.03.2017;52;52;51;52
17.03.2017;52;52;52;52
16.03.2017;53;53;51;52
15.03.2017;52;52;51;52
14.03.2017;51;52;50;51
13.03.2017;51;52;51;51
10.03.2017;52;53;51;51
09.03.2017;54;54;52;53
08.03.2017;56;56;54;55
07.03.2017;56;57;56;56
06.03.2017;56;56;55;56
03.03.2017;55;56;55;56
02.03.2017;56;56;55;55
01.03.2017;56;57;56;56
28.02.2017;56;56;55;56
27.02.2017;56;57;56;56
24.02.2017;56;56;56;56
23.02.2017;56;57;56;56
22.02.2017;57;57;56;56
21.02.2017;57;57;56;57
20.02.2017;56;56;56;56
17.02.2017;56;56;55;56
16.02.2017;56;56;55;56
15.02.2017;56;56;56;56
14.02.2017;56;56;56;56
13.02.2017;56;57;55;56
10.02.2017;56;57;56;57
09.02.2017;56;56;55;56
08.02.2017;55;56;54;55
07.02.2017;55;56;55;55
06.02.2017;57;57;56;56
03.02.2017;57;57;56;57
02.02.2017;57;57;56;57
01.02.2017;56;57;55;57
31.01.2017;55;56;55;56
30.01.2017;55;56;55;55
27.01.2017;56;57;55;55
26.01.2017;55;57;55;56
25.01.2017;55;56;55;55
24.01.2017;56;56;55;55
23.01.2017;55;56;55;55
20.01.2017;54;56;54;55
19.01.2017;55;55;54;54
18.01.2017;56;56;54;54
17.01.2017;56;57;55;55
16.01.2017;55;56;55;56
13.01.2017;56;56;55;56
12.01.2017;55;56;55;56
11.01.2017;54;56;54;55
10.01.2017;55;55;54;54
09.01.2017;57;57;55;55
06.01.2017;57;57;56;57
05.01.2017;56;57;56;57
04.01.2017;56;57;55;56
03.01.2017;57;58;55;56
30.12.2016;57;57;57;57
29.12.2016;57;57;56;56
28.12.2016;56;57;56;56
27.12.2016;55;56;55;56
23.12.2016;55;55;54;55
22.12.2016;55;55;54;55
21.12.2016;56;56;54;55
20.12.2016;55;56;55;55
19.12.2016;56;56;55;55
16.12.2016;54;55;54;55
15.12.2016;54;55;53;54
14.12.2016;55;56;54;54
13.12.2016;55;56;55;56
12.12.2016;57;57;55;55
09.12.2016;54;54;54;54
08.12.2016;53;54;53;54
07.12.2016;54;54;53;53
06.12.2016;55;55;53;54
05.12.2016;54;55;54;54
02.12.2016;54;54;53;54
01.12.2016;52;55;52;54
30.11.2016;47;50;47;50
29.11.2016;48;48;46;46
28.11.2016;47;49;47;48
25.11.2016;49;49;47;47
24.11.2016;49;49;49;49
23.11.2016;49;49;49;49
22.11.2016;49;50;48;49
21.11.2016;48;49;47;49
18.11.2016;46;47;46;47
17.11.2016;47;48;46;46
16.11.2016;47;48;46;46
15.11.2016;45;47;45;47
14.11.2016;45;45;44;45
11.11.2016;46;46;44;45
10.11.2016;47;47;46;46
09.11.2016;45;47;45;47
08.11.2016;46;47;46;46
07.11.2016;46;46;45;46
04.11.2016;46;47;45;46
03.11.2016;47;47;46;46
02.11.2016;48;48;46;47
01.11.2016;49;49;48;48
31.10.2016;50;50;48;48
28.10.2016;50;51;49;50
27.10.2016;50;51;50;50
26.10.2016;50;51;50;50
25.10.2016;52;52;51;51
24.10.2016;52;52;50;52
21.10.2016;51;52;51;52
20.10.2016;52;52;51;51
19.10.2016;52;53;52;53
18.10.2016;52;52;51;52
17.10.2016;52;52;51;52
14.10.2016;52;53;51;52
13.10.2016;51;52;51;52
12.10.2016;53;53;52;52
11.10.2016;53;53;52;52
10.10.2016;52;54;52;53
07.10.2016;53;53;51;52
06.10.2016;52;53;51;52
05.10.2016;51;52;51;52
04.10.2016;51;51;50;51
30.09.2016;49;49;48;49
29.09.2016;48;50;48;49
28.09.2016;46;49;46;48
27.09.2016;47;47;46;46
26.09.2016;46;48;46;47
23.09.2016;47;48;46;46
22.09.2016;47;48;47;48
21.09.2016;47;47;46;47
20.09.2016;46;46;45;46
19.09.2016;46;47;46;46
16.09.2016;46;46;45;46
15.09.2016;46;47;46;46
14.09.2016;47;47;46;46
13.09.2016;48;48;47;47
12.09.2016;47;49;47;48
09.09.2016;49;49;48;48
08.09.2016;49;50;48;50
07.09.2016;48;48;47;48
06.09.2016;48;48;46;47
05.09.2016;48;49;47;47
02.09.2016;46;47;45;47
01.09.2016;47;47;46;46
31.08.2016;48;48;47;47
30.08.2016;50;50;48;48
29.08.2016;49;50;49;49
26.08.2016;50;51;49;50
25.08.2016;49;50;49;50
24.08.2016;49;50;49;49
23.08.2016;49;50;48;50
22.08.2016;50;50;49;49
19.08.2016;51;51;50;51
18.08.2016;50;51;50;51
17.08.2016;49;50;49;50
16.08.2016;48;49;48;49
15.08.2016;47;49;47;48
12.08.2016;46;47;46;47
11.08.2016;44;46;43;46
10.08.2016;45;46;44;44
09.08.2016;45;46;45;45
08.08.2016;44;46;44;45
05.08.2016;44;44;43;44
04.08.2016;43;44;42;44
03.08.2016;42;43;42;43
02.08.2016;42;43;41;42
01.08.2016;44;44;42;42
29.07.2016;42;42;42;42
28.07.2016;43;44;43;43
27.07.2016;45;45;43;43
26.07.2016;45;45;44;45
25.07.2016;46;46;45;45
22.07.2016;46;46;45;46
21.07.2016;47;48;46;46
20.07.2016;47;48;46;47
19.07.2016;47;48;47;47
18.07.2016;48;48;46;47
15.07.2016;47;48;47;48
14.07.2016;47;47;46;47
13.07.2016;48;48;46;47
12.07.2016;47;49;46;48
11.07.2016;46;47;46;46
08.07.2016;47;47;46;47
07.07.2016;49;50;46;46
06.07.2016;48;49;47;49
05.07.2016;50;50;48;48
04.07.2016;51;51;50;50
01.07.2016;50;51;49;51
30.06.2016;50;50;49;50
29.06.2016;49;50;49;50
28.06.2016;48;49;48;49
27.06.2016;49;49;47;48
24.06.2016;48;49;48;48
23.06.2016;50;51;50;51
22.06.2016;51;51;49;50
21.06.2016;50;51;49;50
20.06.2016;50;51;50;50
17.06.2016;48;49;48;49
16.06.2016;48;49;47;47
15.06.2016;49;50;48;49
14.06.2016;50;50;49;50
13.06.2016;50;51;50;50
10.06.2016;51;52;50;50
09.06.2016;53;53;52;52
08.06.2016;51;53;51;53
07.06.2016;51;52;50;52
06.06.2016;50;51;50;50
03.06.2016;50;50;49;49
02.06.2016;50;50;49;50
01.06.2016;49;50;49;50
31.05.2016;50;50;49;50
30.05.2016;49;50;49;50
27.05.2016;49;49;49;49
26.05.2016;50;51;49;49
25.05.2016;49;50;49;50
24.05.2016;48;49;48;49
23.05.2016;48;48;48;48
20.05.2016;49;49;48;49
19.05.2016;48;49;47;49
18.05.2016;49;50;48;49
17.05.2016;49;50;49;49
16.05.2016;49;49;48;49
13.05.2016;48;48;47;48
12.05.2016;48;48;47;48
11.05.2016;45;48;45;47
10.05.2016;44;46;44;46
09.05.2016;46;46;44;44
06.05.2016;45;46;44;45
05.05.2016;99999;99999;45;45
04.05.2016;45;46;44;45
03.05.2016;46;46;45;45
02.05.2016;47;47;46;46
29.04.2016;48;49;47;48
28.04.2016;47;48;47;48
27.04.2016;46;47;46;47
26.04.2016;45;46;45;46
25.04.2016;45;46;44;45
22.04.2016;45;46;44;45
21.04.2016;46;46;45;45
20.04.2016;43;46;43;45
19.04.2016;44;45;43;44
18.04.2016;41;43;41;43
15.04.2016;44;44;42;43
14.04.2016;43;45;43;44
13.04.2016;44;45;44;44
12.04.2016;43;45;43;44
11.04.2016;42;43;41;43
08.04.2016;40;42;40;42
07.04.2016;40;40;39;40
06.04.2016;38;40;38;40
05.04.2016;37;38;37;38
04.04.2016;39;39;37;38
01.04.2016;40;41;39;39
31.03.2016;40;41;40;40
30.03.2016;40;41;40;40
29.03.2016;40;40;39;40
24.03.2016;41;41;40;41
23.03.2016;42;43;41;41
22.03.2016;42;43;42;43
21.03.2016;42;43;41;42
18.03.2016;41;43;41;41
17.03.2016;41;42;40;41
16.03.2016;39;40;39;40
15.03.2016;40;40;38;39
14.03.2016;40;41;39;40
11.03.2016;41;41;40;40
10.03.2016;41;41;40;40
09.03.2016;39;41;39;41
08.03.2016;41;41;39;40
07.03.2016;39;41;39;41
04.03.2016;37;39;37;39
03.03.2016;37;37;36;37
02.03.2016;37;37;36;37
01.03.2016;36;37;36;37
29.02.2016;36;37;35;37
26.02.2016;35;37;35;35
25.02.2016;35;36;34;36
24.02.2016;34;35;33;35
23.02.2016;35;36;34;34
22.02.2016;34;36;34;35
19.02.2016;35;35;33;34
18.02.2016;35;36;34;35
17.02.2016;33;35;32;35
16.02.2016;35;36;32;32
15.02.2016;33;34;33;34
12.02.2016;32;33;31;33
11.02.2016;31;31;30;31
10.02.2016;31;32;30;31
09.02.2016;33;34;30;31
08.02.2016;34;35;33;33
05.02.2016;35;35;34;34
04.02.2016;35;36;34;34
03.02.2016;32;36;32;36
02.02.2016;34;34;32;33
01.02.2016;36;36;34;34
29.01.2016;35;36;35;36
28.01.2016;34;37;33;35
27.01.2016;32;34;32;34
26.01.2016;31;33;30;32
25.01.2016;33;33;31;31
22.01.2016;30;33;30;33
21.01.2016;29;30;28;30
20.01.2016;29;29;28;29
19.01.2016;29;30;29;29
18.01.2016;29;30;28;29
15.01.2016;31;31;29;29
14.01.2016;30;31;30;31
13.01.2016;31;32;30;30
12.01.2016;32;33;31;31
11.01.2016;33;34;32;32
08.01.2016;35;35;33;34
07.01.2016;35;35;33;34
06.01.2016;37;37;35;35
05.01.2016;38;38;37;37
04.01.2016;38;39;37;38
01.01.2016;38;38;38;38
31.12.2015;37;38;36;38
30.12.2015;37;38;36;37
29.12.2015;37;38;37;37
28.12.2015;38;38;36;36
25.12.2015;38;38;38;38
24.12.2015;38;38;37;38
23.12.2015;36;38;36;38
22.12.2015;36;37;36;36
21.12.2015;37;37;36;36
18.12.2015;37;38;36;37
17.12.2015;37;38;37;37
16.12.2015;38;39;37;38
15.12.2015;38;40;38;38
14.12.2015;38;39;37;38
11.12.2015;40;40;38;38
10.12.2015;41;41;40;40
09.12.2015;41;42;40;40
08.12.2015;41;42;40;41
07.12.2015;43;43;41;41
04.12.2015;44;45;43;43
03.12.2015;43;45;43;44
02.12.2015;44;45;42;43
01.12.2015;45;45;44;44
30.11.2015;45;46;44;45
27.11.2015;45;46;45;45
26.11.2015;46;46;45;46
25.11.2015;46;46;45;46
24.11.2015;45;46;45;46
23.11.2015;44;46;44;45
20.11.2015;44;45;44;44
19.11.2015;44;45;44;44
18.11.2015;44;45;43;44
17.11.2015;45;45;44;44
16.11.2015;45;45;43;45
13.11.2015;45;46;44;45
12.11.2015;47;47;45;45
11.11.2015;48;48;46;47
10.11.2015;48;49;48;48
09.11.2015;48;49;48;48
06.11.2015;49;49;48;48
05.11.2015;50;50;49;49
04.11.2015;51;52;49;50
03.11.2015;49;51;48;50
02.11.2015;49;50;49;49
30.10.2015;49;50;48;49
29.10.2015;49;49;48;49
28.10.2015;47;49;47;49
27.10.2015;48;48;46;47
26.10.2015;48;48;47;47
23.10.2015;48;49;47;48
22.10.2015;48;49;48;48
21.10.2015;49;49;48;48
20.10.2015;49;49;48;48
19.10.2015;50;50;49;49
16.10.2015;50;51;49;50
15.10.2015;50;50;49;50
14.10.2015;50;50;49;50
13.10.2015;51;51;49;50
12.10.2015;53;54;50;51
09.10.2015;54;54;53;53
08.10.2015;52;54;52;54
07.10.2015;53;54;52;52
06.10.2015;50;53;49;53
05.10.2015;48;50;48;49
02.10.2015;48;48;47;48
01.10.2015;48;50;48;48
30.09.2015;48;49;48;49
29.09.2015;47;49;47;48
28.09.2015;48;48;47;47
25.09.2015;48;49;48;48
24.09.2015;48;48;47;48
23.09.2015;49;50;48;48
22.09.2015;49;49;48;49
21.09.2015;48;49;48;49
18.09.2015;49;50;47;48
17.09.2015;50;50;48;49
16.09.2015;48;50;48;50
15.09.2015;48;48;47;48
14.09.2015;49;49;47;47
11.09.2015;50;50;48;49
10.09.2015;49;50;48;50
09.09.2015;50;51;48;48
08.09.2015;49;51;49;50
07.09.2015;50;50;48;49
04.09.2015;51;52;50;50
03.09.2015;50;52;50;51
02.09.2015;49;51;48;51
01.09.2015;52;53;48;49
31.08.2015;49;54;48;53
28.08.2015;47;51;47;50
27.08.2015;44;48;44;47
26.08.2015;43;44;43;44
25.08.2015;43;44;43;44
24.08.2015;45;45;42;43
21.08.2015;46;46;45;45
20.08.2015;47;47;46;46
19.08.2015;49;49;47;47
18.08.2015;49;49;48;49
17.08.2015;49;49;48;49
14.08.2015;50;50;49;49
13.08.2015;50;51;49;50
12.08.2015;50;51;49;50
11.08.2015;51;52;49;50
10.08.2015;49;51;49;51
07.08.2015;50;51;49;49
06.08.2015;50;50;49;50
05.08.2015;51;52;50;50
04.08.2015;50;50;50;50
03.08.2015;52;52;49;50
31.07.2015;53;53;52;52
30.07.2015;54;54;53;53
29.07.2015;53;54;53;54
28.07.2015;53;54;52;53
27.07.2015;54;55;53;53
24.07.2015;56;56;54;55
23.07.2015;56;57;55;56
22.07.2015;57;57;56;56
21.07.2015;57;57;56;57
20.07.2015;57;57;56;57
17.07.2015;57;57;56;57
16.07.2015;58;58;57;57
15.07.2015;59;59;57;57
14.07.2015;58;59;57;59
13.07.2015;58;59;57;58
10.07.2015;59;60;58;59
09.07.2015;57;59;57;59
08.07.2015;58;58;56;58
07.07.2015;58;58;56;58
06.07.2015;60;60;56;57
03.07.2015;62;62;60;61
02.07.2015;62;63;62;62
01.07.2015;63;63;62;62
30.06.2015;62;64;62;63
29.06.2015;63;63;61;62
26.06.2015;63;64;63;63
25.06.2015;64;64;63;63
24.06.2015;65;65;63;64
23.06.2015;63;65;63;65
22.06.2015;63;64;62;63
19.06.2015;64;65;62;63
18.06.2015;64;65;63;64
17.06.2015;64;65;63;64
16.06.2015;64;64;63;64
15.06.2015;64;65;63;64
12.06.2015;66;66;65;65
11.06.2015;66;67;65;66
10.06.2015;65;67;65;66
09.06.2015;63;66;63;66
08.06.2015;64;64;63;63
05.06.2015;63;64;62;64
04.06.2015;65;65;63;63
03.06.2015;65;65;64;64
02.06.2015;65;66;65;65
01.06.2015;65;66;64;65
29.05.2015;63;66;63;65
28.05.2015;62;63;61;63
27.05.2015;64;65;62;62
26.05.2015;66;66;63;64
25.05.2015;65;66;65;66
22.05.2015;66;67;65;66
21.05.2015;65;67;65;67
20.05.2015;64;65;64;65
19.05.2015;66;66;64;64
18.05.2015;67;68;66;66
15.05.2015;67;67;65;67
14.05.2015;67;68;66;67
13.05.2015;68;68;67;67
12.05.2015;66;68;65;68
11.05.2015;66;66;65;66
08.05.2015;66;67;65;66
07.05.2015;68;69;66;66
06.05.2015;69;70;68;68
05.05.2015;67;69;67;68
04.05.2015;66;67;66;67
01.05.2015;67;67;66;67
30.04.2015;65;67;65;67
29.04.2015;65;67;64;66
28.04.2015;65;65;64;65
27.04.2015;65;66;64;65
24.04.2015;65;66;65;65
23.04.2015;63;66;62;65
22.04.2015;62;63;61;63
21.04.2015;63;63;62;62
20.04.2015;64;64;62;64
17.04.2015;64;64;63;64
16.04.2015;63;65;62;64
15.04.2015;60;63;60;63
14.04.2015;59;60;59;60
13.04.2015;59;61;59;59
10.04.2015;58;59;57;59
09.04.2015;57;59;57;58
08.04.2015;59;60;57;57
07.04.2015;59;60;58;60
06.04.2015;57;59;57;59
03.04.2015;56;56;56;56
02.04.2015;57;57;54;55
01.04.2015;55;58;55;57
31.03.2015;56;56;55;56
30.03.2015;56;57;55;56
27.03.2015;59;59;56;56
26.03.2015;57;60;57;59
25.03.2015;55;57;55;56
24.03.2015;56;57;55;55
23.03.2015;55;56;54;56
20.03.2015;55;56;54;55
19.03.2015;56;56;54;54
18.03.2015;53;57;53;56
17.03.2015;54;54;53;53
16.03.2015;55;55;53;54
13.03.2015;58;58;55;55
12.03.2015;58;59;57;57
11.03.2015;57;58;56;58
10.03.2015;59;59;57;57
09.03.2015;60;61;59;59
06.03.2015;61;62;60;60
05.03.2015;61;62;61;61
04.03.2015;61;61;59;60
03.03.2015;60;62;60;61
02.03.2015;62;62;59;60
27.02.2015;62;63;61;62
26.02.2015;62;63;60;61
25.02.2015;59;62;58;62
24.02.2015;59;60;58;59
23.02.2015;60;61;58;59
20.02.2015;60;61;60;60
19.02.2015;59;61;58;60
18.02.2015;62;62;59;59
17.02.2015;62;63;60;62
16.02.2015;62;63;61;62
13.02.2015;59;62;59;61
12.02.2015;56;60;56;59
11.02.2015;58;58;55;56
10.02.2015;59;60;57;58
09.02.2015;59;60;58;59
06.02.2015;58;60;58;59
05.02.2015;54;59;54;58
04.02.2015;59;59;55;56
03.02.2015;56;60;56;58
02.02.2015;51;55;51;55
30.01.2015;49;53;49;53
29.01.2015;49;49;48;49
28.01.2015;49;50;48;49
27.01.2015;48;50;48;49
26.01.2015;48;49;48;48
23.01.2015;49;50;49;49
22.01.2015;49;50;48;49
21.01.2015;48;50;48;49
20.01.2015;49;49;48;48
19.01.2015;50;50;49;49
16.01.2015;48;50;48;50
15.01.2015;50;52;48;48
14.01.2015;48;50;47;50
13.01.2015;48;48;46;48
12.01.2015;50;51;48;49
09.01.2015;52;52;50;51
08.01.2015;53;53;51;52
07.01.2015;51;53;51;52
06.01.2015;54;55;52;52
05.01.2015;56;56;53;53
02.01.2015;58;58;55;57
01.01.2015;58;58;58;58
31.12.2014;57;58;56;58
30.12.2014;58;58;57;58
29.12.2014;60;60;59;59
26.12.2014;61;61;59;59
25.12.2014;60;60;60;60
24.12.2014;62;62;59;60
23.12.2014;60;62;60;61
22.12.2014;62;63;60;60
19.12.2014;60;63;59;62
18.12.2014;61;64;59;60
17.12.2014;60;63;59;61
16.12.2014;61;61;59;60
15.12.2014;63;63;60;61
12.12.2014;64;64;62;62
11.12.2014;65;65;63;64
10.12.2014;66;67;64;65
09.12.2014;66;67;66;67
08.12.2014;69;69;66;67
05.12.2014;70;70;69;69
04.12.2014;70;71;69;70
03.12.2014;71;71;70;70
02.12.2014;72;73;70;71
01.12.2014;68;73;68;73
28.11.2014;71;73;70;70
27.11.2014;77;77;71;73
26.11.2014;78;79;77;78
25.11.2014;79;80;78;78
24.11.2014;80;81;79;79
21.11.2014;80;82;79;81
20.11.2014;78;80;78;80
19.11.2014;79;79;78;78
18.11.2014;79;80;78;78
17.11.2014;79;79;78;79
14.11.2014;78;80;77;80
13.11.2014;81;81;77;78
12.11.2014;82;82;81;81
11.11.2014;83;83;81;82
10.11.2014;84;85;83;83
07.11.2014;83;84;83;84
06.11.2014;84;84;83;83
05.11.2014;83;85;82;84
04.11.2014;85;85;83;83
03.11.2014;86;86;84;84
31.10.2014;86;86;85;86
30.10.2014;87;87;86;86
29.10.2014;86;88;86;87
28.10.2014;85;86;85;86
27.10.2014;86;86;85;85
24.10.2014;87;87;85;86
23.10.2014;85;87;84;87
22.10.2014;86;87;84;85
21.10.2014;85;86;85;86
20.10.2014;86;87;84;85
17.10.2014;86;87;85;86
16.10.2014;84;88;83;86
15.10.2014;86;86;83;84
14.10.2014;89;89;85;86
13.10.2014;89;90;88;89
10.10.2014;89;91;89;90
09.10.2014;92;92;90;90
08.10.2014;92;92;91;92
07.10.2014;93;93;92;92
06.10.2014;92;93;91;93
03.10.2014;92;93;92;92
02.10.2014;94;94;92;94
01.10.2014;95;96;94;94
30.09.2014;97;98;94;95
29.09.2014;97;97;96;97
26.09.2014;97;97;96;97
25.09.2014;97;98;96;97
24.09.2014;97;97;96;97
23.09.2014;97;98;97;97
22.09.2014;98;98;96;97
19.09.2014;98;98;97;98
18.09.2014;99;99;97;98
17.09.2014;99;100;99;99
16.09.2014;98;99;97;99
15.09.2014;97;98;97;98
12.09.2014;99;100;98;98
11.09.2014;99;99;97;99
10.09.2014;100;100;98;99
09.09.2014;101;101;100;100
08.09.2014;101;102;100;101
05.09.2014;102;103;101;101
04.09.2014;103;103;102;102
03.09.2014;100;103;100;102
02.09.2014;103;103;101;101
01.09.2014;103;103;103;103
29.08.2014;103;103;103;103
28.08.2014;103;103;102;103
27.08.2014;103;103;102;103
26.08.2014;103;103;102;103
25.08.2014;102;103;102;103
22.08.2014;103;103;102;102
21.08.2014;102;103;101;103
20.08.2014;101;102;101;102
19.08.2014;102;102;101;102
18.08.2014;103;103;102;102
15.08.2014;102;104;102;103
14.08.2014;105;105;102;102
13.08.2014;104;105;103;105
12.08.2014;105;105;104;104
11.08.2014;106;106;105;105
08.08.2014;106;107;105;105
07.08.2014;105;107;105;106
06.08.2014;105;106;105;105
05.08.2014;106;106;105;105
04.08.2014;105;106;105;106
01.08.2014;106;106;104;105
31.07.2014;106;107;105;106
30.07.2014;107;108;106;106
29.07.2014;108;108;107;107
28.07.2014;108;108;107;108
25.07.2014;107;108;107;108
24.07.2014;108;108;107;107
23.07.2014;107;108;107;108
22.07.2014;108;108;107;107
21.07.2014;107;108;107;108
18.07.2014;108;109;107;107
17.07.2014;107;109;107;109
16.07.2014;107;108;107;107
15.07.2014;108;108;106;107
14.07.2014;107;108;107;108
11.07.2014;109;109;107;107
10.07.2014;108;109;108;109
09.07.2014;109;109;108;108
08.07.2014;110;110;109;109
07.07.2014;110;111;110;110
04.07.2014;111;111;111;111
03.07.2014;111;111;111;111
02.07.2014;112;112;111;111
01.07.2014;112;113;112;112
30.06.2014;113;113;112;112
27.06.2014;113;114;113;113
26.06.2014;114;114;113;113
25.06.2014;114;114;113;114
24.06.2014;114;115;114;114
23.06.2014;115;116;114;114
20.06.2014;115;115;114;115
19.06.2014;114;116;114;115
18.06.2014;113;115;113;114
17.06.2014;113;114;112;113
16.06.2014;113;113;112;113
13.06.2014;113;114;112;112
12.06.2014;109;113;109;113
11.06.2014;109;110;109;109
10.06.2014;109;109;108;109
09.06.2014;108;109;108;109
06.06.2014;108;109;108;108
05.06.2014;107;108;107;108
04.06.2014;108;109;108;108
03.06.2014;109;109;108;109
02.06.2014;110;110;109;109
30.05.2014;110;110;109;110
29.05.2014;110;110;110;110
28.05.2014;110;110;109;110
27.05.2014;110;111;110;110
26.05.2014;110;110;110;110
23.05.2014;110;111;110;111
22.05.2014;110;111;110;110
21.05.2014;110;111;110;111
20.05.2014;109;110;109;110
19.05.2014;110;110;109;109
16.05.2014;109;110;109;110
15.05.2014;109;110;109;109
14.05.2014;109;110;109;109
13.05.2014;108;109;107;109
12.05.2014;108;108;107;108
09.05.2014;107;108;107;107
08.05.2014;107;108;107;107
07.05.2014;107;108;107;108
06.05.2014;107;108;106;107
05.05.2014;109;109;107;107
02.05.2014;108;109;108;109
01.05.2014;108;108;107;108
30.04.2014;109;109;108;108
29.04.2014;108;109;108;109
28.04.2014;110;110;108;108
25.04.2014;110;111;109;109
24.04.2014;109;111;109;110
23.04.2014;109;110;109;109
22.04.2014;110;110;109;109
17.04.2014;109;110;109;110
16.04.2014;109;110;109;110
15.04.2014;109;110;108;109
14.04.2014;108;109;107;109
11.04.2014;107;108;107;107
10.04.2014;108;108;107;107
09.04.2014;107;108;107;108
08.04.2014;106;108;106;108
07.04.2014;106;107;105;106
04.04.2014;106;107;106;107
03.04.2014;105;106;104;106
02.04.2014;105;106;104;105
01.04.2014;108;108;105;105
31.03.2014;108;108;107;108
28.03.2014;108;108;108;108
27.03.2014;107;108;107;108
26.03.2014;107;107;107;107
25.03.2014;107;117;107;107
24.03.2014;107;108;107;107
21.03.2014;106;108;106;107
20.03.2014;106;107;105;106
19.03.2014;107;107;106;106
18.03.2014;107;107;106;107
17.03.2014;108;108;106;106
14.03.2014;107;109;107;109
13.03.2014;108;108;107;107
12.03.2014;108;109;108;108
11.03.2014;108;109;108;108
10.03.2014;108;108;108;108
07.03.2014;108;109;108;109
06.03.2014;108;109;107;108
05.03.2014;109;109;108;108
04.03.2014;111;111;109;109
03.03.2014;111;112;111;111
28.02.2014;109;109;108;109
27.02.2014;109;109;109;109
26.02.2014;109;110;109;109
25.02.2014;110;111;109;110
24.02.2014;110;111;110;111
21.02.2014;110;110;109;110
20.02.2014;110;110;110;110
19.02.2014;110;111;110;110
18.02.2014;109;111;109;111
17.02.2014;109;109;109;109
14.02.2014;108;109;108;109
13.02.2014;108;109;108;109
12.02.2014;109;109;108;109
11.02.2014;109;109;108;109
10.02.2014;109;110;108;109
07.02.2014;107;110;107;110
06.02.2014;106;107;106;107
05.02.2014;106;106;106;106
04.02.2014;106;106;106;106
03.02.2014;106;107;105;106
31.01.2014;108;108;106;106
30.01.2014;108;108;108;108
29.01.2014;107;108;107;108
28.01.2014;107;108;107;107
27.01.2014;108;108;106;107
24.01.2014;108;108;106;108
23.01.2014;108;108;107;108
22.01.2014;107;108;107;108
21.01.2014;107;108;106;107
20.01.2014;106;107;106;106
17.01.2014;106;107;106;106
16.01.2014;107;107;106;107
15.01.2014;106;108;106;107
14.01.2014;107;107;106;106
13.01.2014;107;107;107;107
10.01.2014;107;107;106;107
09.01.2014;108;108;107;107
08.01.2014;107;108;107;107
07.01.2014;107;108;107;107
06.01.2014;107;108;107;107
03.01.2014;108;109;107;107
02.01.2014;111;111;108;108
